-- Users table seeds here (Example)
insert into users (first_name, last_name, username, email, password, avatar, created_at) values ('Lorrayne', 'Eyrl', 'plantsforever', 'leyrl0@tamu.edu', 'QReTsXhy', 'https://i.imgur.com/4BgM7yj.png', '2020-01-05');
insert into users (first_name, last_name, username, email, password, avatar, created_at) values ('Ameline', 'Hinkensen', 'strawberry1', 'ahinkensen1@nytimes.com', 'n5jowSJIvb', 'https://i.imgur.com/4RjMRvu.png', '2019-05-09');
insert into users (first_name, last_name, username, email, password, avatar, created_at) values ('Scott', 'Hovenden', 'iLoveEarth', 'ihovenden2@cafepress.com', 'XSY8bIhnom', 'https://i.imgur.com/w7t0lIV.png', '2019-06-20');
insert into users (first_name, last_name, username, email, password, avatar, created_at) values ('John', 'Beven', 'etolle', 'ddee3@gmpg.org', '8nd1yLEJK', 'https://i.imgur.com/Wxc32Is.png', '2018-02-05');
insert into users (first_name, last_name, username, email, password, avatar, created_at) values ('Ashley', 'Yan', 'spadeCapades', 'ayan@123.com', '12345', 'https://i.imgur.com/XU0gJtm.png', '2019-04-10');
insert into users (first_name, last_name, username, email, password, avatar, created_at) values ('Enya', 'Liang', 'growPro', 'enyal@gmpg.org', '12345', 'https://i.imgur.com/HZk6nPR.png', '2018-04-15');

insert into lots (owner_id, title, size, cost_per_month, is_irrigated, suggested_term, condition_rating, available_date, lot_type, lot_description, is_leased, street_address, city, country, post_code, lat, long, created_at, is_active) values (1, 'For a Serious Farmer', 2000, 17, true, 15, 4, '6/5/2020', 'residential', 'Integer ac leo. Pellentesque ultrices mattis odio. Donec vitae nisi.', true, '2100 208 Street', 'langley', 'canada', 'V2Z2A6', 49.042960, -122.638460, '2020-03-06', true);
insert into lots (owner_id, title, size, cost_per_month, is_irrigated, suggested_term, condition_rating, available_date, lot_type,lot_description, is_leased, street_address, city, country, post_code, lat, long, created_at, is_active) values (2, 'Eastlawn', 1870, 49, true, 6, 5, '8/18/2020', 'residential', 'Integer tincidunt ante vel ipsum. Praesent blandit lacinia erat. Vestibulum sed magna at nunc commodo placerat.', false, '21479 Smith Crescent', 'langley', 'canada', 'V2Y2R4', 49.133890, -122.627330, '2019-10-15', true);
insert into lots (owner_id, title, size, cost_per_month, is_irrigated, suggested_term, condition_rating, available_date, lot_type, lot_description, is_leased, street_address, city, country, post_code, lat, long, created_at, is_active) values (1, 'Central and Quiet', 500, 39, true, 20, 4, '6/5/2020', 'residential', 'Nullam porttitor lacus at turpis. Donec posuere metus vitae ipsum. Aliquam non mauris.', true, '12040 149 St NW', 'edmonton', 'canada', 'T5V1P2', 53.572510, -113.578480, '2020-05-30', true);
insert into lots (owner_id, title, size, cost_per_month, is_irrigated, suggested_term, condition_rating, available_date, lot_type, lot_description, is_leased, street_address, city, country, post_code, lat, long, created_at, is_active) values (3, 'Previously Organic', 1000, 57, true, 1, 4, '8/13/2020', 'residential', 'Integer tincidunt ante vel ipsum. Praesent blandit lacinia erat. Vestibulum sed magna at nunc commodo placerat.', true, '11312 79 St NW', 'edmonton', 'canada', 'T5B2K2', 53.563140, -113.462770, '2019-12-08', true);
insert into lots (owner_id, title, size, cost_per_month, is_irrigated, suggested_term, condition_rating, available_date, lot_type, lot_description, is_leased, street_address, city, country, post_code, lat, long, created_at, is_active) values (4, 'Front and Backyard', 458, 33, true, 18, 4, '8/10/2020', 'residential', 'In hac habitasse platea dictumst. Morbi vestibulum, velit id pretium iaculis, diam erat fermentum justo, nec condimentum neque sapien placerat ante. Nulla justo.', true, '1903 Parsons Rd NW', 'edmonton', 'canada', 'T6N1H5', 53.447780, -113.479880, '2020-07-10', true);
insert into lots (owner_id, title, size, cost_per_month, is_irrigated, suggested_term, condition_rating, available_date, lot_type, lot_description, is_leased, street_address, city, country, post_code, lat, long, created_at, is_active) values (3, 'Space to be Creative!', 5000, 10, true, 6, 5, '8/20/2020', 'commercial', 'In hac habitasse platea dictumst. Morbi vestibulum, velit id pretium iaculis, diam erat fermentum justo, nec condimentum neque sapien placerat ante. Nulla justo.', true, '5910 216 St', 'langley', 'canada', 'V2Y2N5', 49.109517, -122.6260083, '01/03/2020', true);
-- insert into lots (owner_id, title, size, cost_per_month, is_irrigated, suggested_term, condition_rating, available_date, lot_type, lot_description, is_leased, street_address, city, country, post_code, lat, long, created_at, is_active) values (5, 'Gardeners welcome!', 1200, 10, true, 6, 5, '8/20/2020', 'commercial', 'In hac habitasse platea dictumst. Morbi vestibulum, velit id pretium iaculis, diam erat fermentum justo, nec condimentum neque sapien placerat ante. Nulla justo.', true, '519 St Clarens Ave', 'toronto', 'canada', 'M6H3W4', 43.660706, -79.442342, '01/03/2018', true);
-- insert into lots (owner_id, title, size, cost_per_month, is_irrigated, suggested_term, condition_rating, available_date, lot_type, lot_description, is_leased, street_address, city, country, post_code, lat, long, created_at, is_active) values (6, 'Available Immediately', 5000, 10, true, 6, 5, '8/20/2020', 'residential', 'In hac habitasse platea dictumst. Morbi vestibulum, velit id pretium iaculis, diam erat fermentum justo, nec condimentum neque sapien placerat ante. Nulla justo.', true, '1201-1299 Alamo St', 'austin', 'united states', '78702', 30.274600, -97.718010, '01/03/2019', true);

-- Widgets table seeds here (Example)
insert into images (lot_id, image_url, created_at) values (1, 'https://mindbodygreen-res.cloudinary.com/images/w_1040,q_auto,f_auto,fl_lossy/ftr/farminline/meet-the-family-growing-6000-pounds-of-food-a-year-in-their-la-backyard.jpg', '2018-03-06');
insert into images (lot_id, image_url, created_at) values (1, 'https://mindbodygreen-res.cloudinary.com/images/dpr_2.0,w_1040,q_auto,f_auto,fl_lossy/ftr/farminline2/meet-the-family-growing-6000-pounds-of-food-a-year-in-their-la-backyard.jpg', '2018-03-06');
insert into images (lot_id, image_url, created_at) values (1, 'https://images.unsplash.com/photo-1553524808-eef8eb03cf29?ixlib=rb-1.2.1&ixid=eyJhcHBfaWQiOjEyMDd9&auto=format&fit=crop&w=1350&q=80', '2020-03-06');
insert into images (lot_id, image_url, created_at) values (2, 'https://canoladigest.ca/wp-content/uploads/2019/02/42-incorporate-farm-feature-min.jpg', '2018-05-30');
insert into images (lot_id, image_url, created_at) values (2, 'https://www.porkbusiness.com/sites/default/files/styles/featured_banner/public/Farm-redbarn_1.jpg?itok=fkIoj_b5', '2018-05-30');
insert into images (lot_id, image_url, created_at) values (2, 'https://api.time.com/wp-content/uploads/2018/04/farm-museum-viral-memes.jpg', '2018-05-30');
insert into images (lot_id, image_url, created_at) values (3, 'https://i.imgur.com/tvzECw3.jpeg', '2019-10-15');
insert into images (lot_id, image_url, created_at) values (3, 'https://i.imgur.com/aF6xc5H.jpg', '2019-10-15');
insert into images (lot_id, image_url, created_at) values (3, 'https://www.elyons.com/wp-content/uploads/2017/04/SQUARE-FOOT-GARDEN.jpg', '2020-10-15');
insert into images (lot_id, image_url, created_at) values (3, 'https://i.ytimg.com/vi/Bc4ecvD_rMM/maxresdefault.jpg', '2019-10-15');
insert into images (lot_id, image_url, created_at) values (4, 'https://i.imgur.com/hC5RT2z.jpg', '2019-12-08');
insert into images (lot_id, image_url, created_at) values (4, 'https://i.imgur.com/OkZLghB.jpeg', '2019-12-08');
insert into images (lot_id, image_url, created_at) values (4, 'https://i.imgur.com/onG24K5.jpg', '2019-12-08');
insert into images (lot_id, image_url, created_at) values (4, 'https://i.imgur.com/kZdOv6E.jpg', '2019-12-08');
insert into images (lot_id, image_url, created_at) values (4, 'https://i.imgur.com/24wV0jA.jpg', '2019-12-08');
insert into images (lot_id, image_url, created_at) values (5, 'https://i.imgur.com/YPA6NxU.jpg', '2018-09-10');
insert into images (lot_id, image_url, created_at) values (5, 'https://i.imgur.com/VF4qeEX.jpg', '2018-07-10');
insert into images (lot_id, image_url, created_at) values (5, 'https://i.imgur.com/48YC1sP.jpg', '2020-07-10');
insert into images (lot_id, image_url, created_at) values (5, 'https://i.imgur.com/Bdq1ZdX.jpeg', '2020-07-10');
insert into images (lot_id, image_url, created_at) values (6, 'https://static.producer.com/wp-content/uploads/2019/11/21130707/41_2-col_IMG_0241-707.jpg', '2018-06-08');
insert into images (lot_id, image_url, created_at) values (6, 'https://mrp-listings.myrealpage.com/5/3/0/91137035/65b62611c6737487f13b1b4c6386e15b.jpeg', '2018-06-08');
insert into images (lot_id, image_url, created_at) values (6, 'https://i.imgur.com/AQIQO8b.png', '2018-06-08');
insert into images (lot_id, image_url, created_at) values (6, 'https://upload.wikimedia.org/wikipedia/commons/3/3d/New_crops-Chicago_urban_farm.jpg', '2018-07-10');
-- insert into images (lot_id, image_url, created_at) values (7, 'https://i.imgur.com/YPA6NxU.jpg', '2018-09-10');
-- insert into images (lot_id, image_url, created_at) values (7, 'https://i.imgur.com/VF4qeEX.jpg', '2018-07-10');
-- insert into images (lot_id, image_url, created_at) values (7, 'https://i.imgur.com/48YC1sP.jpg', '2020-07-10');

insert into leases (lot_id, owner_id , renter_id, created_at , term_length, total_cost) values (1, 1, 5, '8/22/2020', 1, 200);
insert into leases (lot_id, owner_id , renter_id, created_at , term_length, total_cost) values (2, 2, 5,'5/27/2020', 2, 193);
insert into leases (lot_id, owner_id , renter_id, created_at , term_length, total_cost) values (3, 1, 6, '5/18/2020', 3, 167);
insert into leases (lot_id, owner_id , renter_id, created_at , term_length, total_cost) values (4, 3, 6, '8/17/2020', 4, 448);
insert into leases (lot_id, owner_id , renter_id, created_at , term_length, total_cost) values (5, 4, 5, '9/1/2020', 5, 683);
insert into leases (lot_id, owner_id , renter_id, created_at , term_length, total_cost) values (6, 3, 6, '11/29/2019', 6, 486);

insert into messages (owner_id, renter_id, lot_id, text_body, written_by, created_at) values (3, 4, 6, 'id sapien in sapien iaculis congue vivamus metus arcu adipiscing molestie hendrerit at vulputate vitae nisl aenean lectus pellentesque eget nunc donec quis', 3, '2020-02-29 03:24:16');
insert into messages (owner_id, renter_id, lot_id, text_body, written_by, created_at) values (3, 5, 4, 'dictumst morbi vestibulum velit id pretium iaculis diam erat fermentum justo nec condimentum neque sapien placerat', 5, '2020-09-27 11:42:30');
insert into messages (owner_id, renter_id, lot_id, text_body, written_by, created_at) values (2, 1, 2, 'lacus morbi sem mauris laoreet ut rhoncus aliquet pulvinar sed nisl nunc rhoncus dui vel sem sed sagittis nam congue risus', 2, '2019-12-19 01:21:37');
insert into messages (owner_id, renter_id, lot_id, text_body, written_by, created_at) values (4, 1, 5, 'placerat praesent blandit nam nulla integer pede justo lacinia eget tincidunt', 4, '2019-10-29 21:01:40');
insert into messages (owner_id, renter_id, lot_id, text_body, written_by, created_at) values (3, 5, 6, 'vitae consectetuer eget rutrum at lorem integer tincidunt ante vel ipsum praesent blandit lacinia erat vestibulum sed', 5, '2020-07-21 08:14:08');
insert into messages (owner_id, renter_id, lot_id, text_body, written_by, created_at) values (3, 5, 6, 'vitae quam suspendisse potenti nullam porttitor lacus at turpis donec posuere', 3, '2020-09-12 03:47:50');
insert into messages (owner_id, renter_id, lot_id, text_body, written_by, created_at) values (1, 4, 1, 'dui vel sem sed sagittis nam congue risus semper porta', 4, '2020-03-23 22:44:01');
insert into messages (owner_id, renter_id, lot_id, text_body, written_by, created_at) values (1, 2, 3, 'nisi venenatis tristique fusce congue diam id ornare imperdiet sapien urna pretium nisl ut volutpat sapien arcu sed augue aliquam erat volutpat in congue', 1, '2019-11-01 09:36:26');
insert into messages (owner_id, renter_id, lot_id, text_body, written_by, created_at) values (1, 5, 3, 'vestibulum ante ipsum primis in faucibus orci luctus et ultrices posuere cubilia curae mauris viverra', 5, '2020-05-28 04:45:50');
insert into messages (owner_id, renter_id, lot_id, text_body, written_by, created_at) values (2, 5, 2, 'ut nunc vestibulum ante ipsum primis in faucibus orci luctus', 2, '2019-12-28 16:15:15');
insert into messages (owner_id, renter_id, lot_id, text_body, written_by, created_at) values (2, 3, 2, 'est congue elementum in hac habitasse platea dictumst morbi vestibulum velit id pretium iaculis diam erat fermentum justo nec condimentum neque', 3, '2020-09-16 23:08:53');
insert into messages (owner_id, renter_id, lot_id, text_body, written_by, created_at) values (3, 6, 6, 'dis parturient montes nascetur ridiculus mus vivamus vestibulum sagittis sapien cum sociis natoque penatibus et magnis dis', 6, '2019-10-27 16:08:28');
insert into messages (owner_id, renter_id, lot_id, text_body, written_by, created_at) values (1, 5, 3, 'mollis molestie lorem quisque ut erat curabitur gravida nisi at nibh in hac habitasse platea dictumst aliquam augue quam sollicitudin vitae consectetuer', 1, '2020-04-04 16:24:30');
insert into messages (owner_id, renter_id, lot_id, text_body, written_by, created_at) values (3, 5, 6, 'pellentesque quisque porta volutpat erat quisque erat eros viverra eget congue eget', 3, '2020-03-04 20:33:09');
insert into messages (owner_id, renter_id, lot_id, text_body, written_by, created_at) values (3, 4, 4, 'amet nunc viverra dapibus nulla suscipit ligula in lacus curabitur at', 4, '2020-04-18 08:53:44');
insert into messages (owner_id, renter_id, lot_id, text_body, written_by, created_at) values (4, 2, 5, 'nec dui luctus rutrum nulla tellus in sagittis dui vel nisl duis ac nibh fusce lacus purus', 4, '2020-05-22 22:31:02');
insert into messages (owner_id, renter_id, lot_id, text_body, written_by, created_at) values (3, 6, 4, 'cum sociis natoque penatibus et magnis dis parturient montes nascetur ridiculus mus etiam vel augue vestibulum rutrum', 3, '2019-12-10 12:01:57');
insert into messages (owner_id, renter_id, lot_id, text_body, written_by, created_at) values (4, 5, 5, 'neque libero convallis eget eleifend luctus ultricies eu nibh quisque id', 5, '2020-02-11 22:57:36');
insert into messages (owner_id, renter_id, lot_id, text_body, written_by, created_at) values (4, 2, 5, 'condimentum neque sapien placerat ante nulla justo aliquam quis turpis eget elit', 2, '2020-09-12 03:58:34');
insert into messages (owner_id, renter_id, lot_id, text_body, written_by, created_at) values (1, 3, 1, 'leo rhoncus sed vestibulum sit amet cursus id turpis integer aliquet massa id lobortis convallis tortor risus dapibus augue vel accumsan tellus', 1, '2020-01-27 08:58:09');
insert into messages (owner_id, renter_id, lot_id, text_body, written_by, created_at) values (3, 1, 4, 'sit amet lobortis sapien sapien non mi integer ac neque duis bibendum morbi non quam nec dui luctus rutrum nulla tellus in sagittis', 3, '2019-11-07 18:08:30');
insert into messages (owner_id, renter_id, lot_id, text_body, written_by, created_at) values (2, 5, 2, 'in porttitor pede justo eu massa donec dapibus duis at velit eu est congue elementum', 5, '2019-12-01 07:18:07');
insert into messages (owner_id, renter_id, lot_id, text_body, written_by, created_at) values (1, 6, 1, 'quis orci eget orci vehicula condimentum curabitur in libero ut', 1, '2020-07-19 03:55:12');
insert into messages (owner_id, renter_id, lot_id, text_body, written_by, created_at) values (2, 4, 2, 'tortor duis mattis egestas metus aenean fermentum donec ut mauris eget massa tempor convallis nulla neque libero convallis eget eleifend luctus ultricies eu', 1, '2020-08-10 01:55:49');
insert into messages (owner_id, renter_id, lot_id, text_body, written_by, created_at) values (1, 4, 3, 'mi pede malesuada in imperdiet et commodo vulputate justo in blandit ultrices enim lorem', 1, '2020-08-23 00:40:09');
insert into messages (owner_id, renter_id, lot_id, text_body, written_by, created_at) values (3, 5, 6, 'mattis pulvinar nulla pede ullamcorper augue a suscipit nulla elit ac nulla sed', 3, '2020-07-02 22:35:04');
insert into messages (owner_id, renter_id, lot_id, text_body, written_by, created_at) values (1, 4, 3, 'nisi nam ultrices libero non mattis pulvinar nulla pede ullamcorper augue', 4, '2019-10-18 03:16:29');
insert into messages (owner_id, renter_id, lot_id, text_body, written_by, created_at) values (4, 3, 5, 'convallis duis consequat dui nec nisi volutpat eleifend donec ut dolor morbi', 3, '2020-05-25 02:13:03');
insert into messages (owner_id, renter_id, lot_id, text_body, written_by, created_at) values (1, 2, 1, 'eget orci vehicula condimentum curabitur in libero ut massa volutpat', 1, '2019-12-10 18:58:32');
insert into messages (owner_id, renter_id, lot_id, text_body, written_by, created_at) values (3, 5, 6, 'fermentum donec ut mauris eget massa tempor convallis nulla neque libero convallis eget eleifend luctus ultricies eu nibh quisque id justo sit', 3, '2020-04-07 00:28:13');
insert into messages (owner_id, renter_id, lot_id, text_body, written_by, created_at) values (4, 5, 5, 'in faucibus orci luctus et ultrices posuere cubilia curae duis faucibus accumsan odio curabitur convallis duis consequat dui nec nisi volutpat', 5, '2019-10-25 11:29:15');
insert into messages (owner_id, renter_id, lot_id, text_body, written_by, created_at) values (1, 6, 1, 'lectus pellentesque at nulla suspendisse potenti cras in purus eu magna vulputate luctus cum sociis natoque penatibus et magnis', 6, '2020-05-24 05:49:21');
insert into messages (owner_id, renter_id, lot_id, text_body, written_by, created_at) values (4, 1, 5, 'eu tincidunt in leo maecenas pulvinar lobortis est phasellus sit amet erat nulla tempus vivamus in felis eu sapien cursus vestibulum proin eu', 4, '2020-05-11 00:15:15');
insert into messages (owner_id, renter_id, lot_id, text_body, written_by, created_at) values (3, 2, 6, 'sed tristique in tempus sit amet sem fusce consequat nulla nisl nunc', 2, '2019-10-24 05:56:32');
insert into messages (owner_id, renter_id, lot_id, text_body, written_by, created_at) values (4, 6, 5, 'condimentum curabitur in libero ut massa volutpat convallis morbi odio odio elementum eu interdum eu tincidunt in leo maecenas pulvinar lobortis est phasellus', 6, '2019-11-20 17:29:12');
insert into messages (owner_id, renter_id, lot_id, text_body, written_by, created_at) values (1, 5, 3, 'ipsum primis in faucibus orci luctus et ultrices posuere cubilia curae nulla dapibus dolor vel', 5, '2020-04-18 02:23:54');
insert into messages (owner_id, renter_id, lot_id, text_body, written_by, created_at) values (2, 5, 2, 'erat fermentum justo nec condimentum neque sapien placerat ante nulla justo aliquam quis turpis eget elit sodales scelerisque mauris sit', 2, '2020-04-08 15:41:08');
insert into messages (owner_id, renter_id, lot_id, text_body, written_by, created_at) values (3, 2, 4, 'velit vivamus vel nulla eget eros elementum pellentesque quisque porta volutpat erat quisque erat eros viverra eget congue eget semper rutrum', 3, '2020-07-30 15:47:14');
insert into messages (owner_id, renter_id, lot_id, text_body, written_by, created_at) values (3, 6, 6, 'eleifend pede libero quis orci nullam molestie nibh in lectus pellentesque at nulla suspendisse potenti cras in purus eu magna vulputate luctus cum', 3, '2020-06-25 00:57:17');
insert into messages (owner_id, renter_id, lot_id, text_body, written_by, created_at) values (1, 6, 1, 'ut odio cras mi pede malesuada in imperdiet et commodo vulputate justo in blandit ultrices enim', 1, '2020-07-14 22:36:34');
insert into messages (owner_id, renter_id, lot_id, text_body, written_by, created_at) values (4, 1, 5, 'in felis eu sapien cursus vestibulum proin eu mi nulla ac enim in tempor turpis nec', 4, '2020-08-22 08:49:24');
insert into messages (owner_id, renter_id, lot_id, text_body, written_by, created_at) values (1, 3, 1, 'feugiat et eros vestibulum ac est lacinia nisi venenatis tristique fusce congue diam id ornare imperdiet sapien urna pretium nisl ut volutpat sapien', 3, '2020-01-08 03:07:16');
insert into messages (owner_id, renter_id, lot_id, text_body, written_by, created_at) values (3, 5, 6, 'mauris lacinia sapien quis libero nullam sit amet turpis elementum ligula', 5, '2020-09-12 10:51:44');
insert into messages (owner_id, renter_id, lot_id, text_body, written_by, created_at) values (4, 1, 5, 'vulputate luctus cum sociis natoque penatibus et magnis dis parturient montes nascetur ridiculus', 4, '2020-06-23 08:03:45');
insert into messages (owner_id, renter_id, lot_id, text_body, written_by, created_at) values (4, 5, 5, 'vestibulum sit amet cursus id turpis integer aliquet massa id lobortis convallis tortor', 5, '2020-02-28 20:55:04');
insert into messages (owner_id, renter_id, lot_id, text_body, written_by, created_at) values (4, 3, 5, 'posuere cubilia curae duis faucibus accumsan odio curabitur convallis duis consequat dui nec nisi volutpat eleifend donec ut dolor morbi vel lectus in', 3, '2020-01-09 01:53:13');
insert into messages (owner_id, renter_id, lot_id, text_body, written_by, created_at) values (4, 5, 5, 'at velit vivamus vel nulla eget eros elementum pellentesque quisque porta', 5, '2019-11-26 02:19:09');
insert into messages (owner_id, renter_id, lot_id, text_body, written_by, created_at) values (3, 1, 4, 'cum sociis natoque penatibus et magnis dis parturient montes nascetur', 1, '2020-04-27 22:39:48');
insert into messages (owner_id, renter_id, lot_id, text_body, written_by, created_at) values (4, 3, 5, 'urna ut tellus nulla ut erat id mauris vulputate elementum nullam varius nulla facilisi cras non velit nec nisi vulputate nonummy maecenas tincidunt', 4, '2020-06-21 16:18:08');
insert into messages (owner_id, renter_id, lot_id, text_body, written_by, created_at) values (3, 5, 4, 'nulla ut erat id mauris vulputate elementum nullam varius nulla facilisi cras non velit nec nisi vulputate nonummy maecenas tincidunt lacus at', 5, '2020-05-26 23:04:50');
insert into messages (owner_id, renter_id, lot_id, text_body, written_by, created_at) values (4, 5, 5, 'orci luctus et ultrices posuere cubilia curae mauris viverra diam vitae quam suspendisse potenti nullam porttitor', 4, '2019-12-29 13:05:34');
insert into messages (owner_id, renter_id, lot_id, text_body, written_by, created_at) values (3, 1, 4, 'vivamus vestibulum sagittis sapien cum sociis natoque penatibus et magnis dis parturient montes', 3, '2020-01-31 17:18:36');
insert into messages (owner_id, renter_id, lot_id, text_body, written_by, created_at) values (4, 2, 5, 'nec euismod scelerisque quam turpis adipiscing lorem vitae mattis nibh ligula nec sem duis aliquam convallis nunc proin at turpis a pede posuere nonummy integer', 4, '2020-01-27 12:29:17');
insert into messages (owner_id, renter_id, lot_id, text_body, written_by, created_at) values (3, 6, 6, 'vestibulum sagittis sapien cum sociis natoque penatibus et magnis dis parturient montes nascetur ridiculus mus etiam vel augue', 6, '2020-06-13 15:03:23');
insert into messages (owner_id, renter_id, lot_id, text_body, written_by, created_at) values (1, 6, 1, 'nulla ut erat id mauris vulputate elementum nullam varius nulla facilisi cras non velit', 1, '2020-02-03 06:54:37');
insert into messages (owner_id, renter_id, lot_id, text_body, written_by, created_at) values (1, 6, 3, 'at feugiat non pretium quis lectus suspendisse potenti in eleifend quam a', 6, '2020-03-24 17:32:33');
insert into messages (owner_id, renter_id, lot_id, text_body, written_by, created_at) values (2, 1, 2, 'magnis dis parturient montes nascetur ridiculus mus etiam vel augue', 2, '2019-11-03 19:52:04');
insert into messages (owner_id, renter_id, lot_id, text_body, written_by, created_at) values (1, 4, 1, 'tincidunt in leo maecenas pulvinar lobortis est phasellus sit amet erat', 1, '2020-03-02 07:56:29');
insert into messages (owner_id, renter_id, lot_id, text_body, written_by, created_at) values (3, 6, 4, 'sodales sed tincidunt eu felis fusce posuere felis sed lacus morbi sem mauris laoreet', 6, '2019-10-21 09:14:25');
insert into messages (owner_id, renter_id, lot_id, text_body, written_by, created_at) values (1, 2, 3, 'quam pede lobortis ligula sit amet eleifend pede libero quis orci nullam molestie nibh in lectus pellentesque at nulla suspendisse', 2, '2020-08-20 18:57:41');
insert into messages (owner_id, renter_id, lot_id, text_body, written_by, created_at) values (2, 1, 2, 'mi integer ac neque duis bibendum morbi non quam nec dui luctus rutrum nulla tellus in sagittis dui vel nisl duis', 1, '2020-04-18 23:10:52');
insert into messages (owner_id, renter_id, lot_id, text_body, written_by, created_at) values (2, 3, 2, 'praesent id massa id nisl venenatis lacinia aenean sit amet justo morbi ut odio cras', 3, '2020-08-06 19:58:50');
insert into messages (owner_id, renter_id, lot_id, text_body, written_by, created_at) values (1, 4, 1, 'ac tellus semper interdum mauris ullamcorper purus sit amet nulla quisque arcu libero rutrum ac lobortis vel dapibus at diam nam tristique tortor eu', 4, '2019-10-27 01:16:04');
insert into messages (owner_id, renter_id, lot_id, text_body, written_by, created_at) values (3, 2, 4, 'sed lacus morbi sem mauris laoreet ut rhoncus aliquet pulvinar sed nisl nunc rhoncus dui vel sem sed sagittis nam congue risus semper', 3, '2020-04-30 00:52:06');
insert into messages (owner_id, renter_id, lot_id, text_body, written_by, created_at) values (4, 1, 5, 'nascetur ridiculus mus vivamus vestibulum sagittis sapien cum sociis natoque penatibus et magnis dis parturient montes nascetur ridiculus mus etiam vel augue vestibulum rutrum rutrum', 1, '2020-01-22 08:53:40');
insert into messages (owner_id, renter_id, lot_id, text_body, written_by, created_at) values (3, 6, 6, 'nec molestie sed justo pellentesque viverra pede ac diam cras pellentesque volutpat dui maecenas tristique est et tempus semper est quam', 6, '2020-06-16 06:20:48');
insert into messages (owner_id, renter_id, lot_id, text_body, written_by, created_at) values (3, 1, 6, 'in libero ut massa volutpat convallis morbi odio odio elementum eu interdum eu tincidunt in leo maecenas', 1, '2019-11-19 03:49:32');
insert into messages (owner_id, renter_id, lot_id, text_body, written_by, created_at) values (1, 3, 3, 'natoque penatibus et magnis dis parturient montes nascetur ridiculus mus etiam vel', 3, '2020-08-28 07:01:25');
insert into messages (owner_id, renter_id, lot_id, text_body, written_by, created_at) values (1, 2, 1, 'montes nascetur ridiculus mus etiam vel augue vestibulum rutrum rutrum neque aenean auctor gravida sem praesent id massa id nisl venenatis lacinia aenean sit amet', 2, '2020-01-12 15:14:05');
insert into messages (owner_id, renter_id, lot_id, text_body, written_by, created_at) values (2, 5, 2, 'tortor duis mattis egestas metus aenean fermentum donec ut mauris eget massa tempor convallis nulla neque libero convallis', 5, '2019-12-25 22:47:23');
insert into messages (owner_id, renter_id, lot_id, text_body, written_by, created_at) values (1, 6, 1, 'luctus et ultrices posuere cubilia curae duis faucibus accumsan odio curabitur convallis duis consequat dui nec nisi volutpat eleifend', 6, '2020-02-15 12:48:52');
insert into messages (owner_id, renter_id, lot_id, text_body, written_by, created_at) values (1, 4, 3, 'in hac habitasse platea dictumst etiam faucibus cursus urna ut tellus nulla ut erat', 4, '2020-08-03 17:10:53');
insert into messages (owner_id, renter_id, lot_id, text_body, written_by, created_at) values (2, 3, 2, 'justo lacinia eget tincidunt eget tempus vel pede morbi porttitor lorem id ligula suspendisse', 2, '2020-07-18 17:11:07');
insert into messages (owner_id, renter_id, lot_id, text_body, written_by, created_at) values (3, 5, 6, 'luctus ultricies eu nibh quisque id justo sit amet sapien dignissim vestibulum vestibulum ante ipsum primis in faucibus orci luctus et ultrices', 5, '2019-11-04 07:27:33');
insert into messages (owner_id, renter_id, lot_id, text_body, written_by, created_at) values (1, 4, 3, 'maecenas leo odio condimentum id luctus nec molestie sed justo pellentesque viverra pede ac diam cras pellentesque volutpat dui maecenas tristique', 4, '2020-09-24 08:55:53');
insert into messages (owner_id, renter_id, lot_id, text_body, written_by, created_at) values (1, 5, 1, 'nisi at nibh in hac habitasse platea dictumst aliquam augue quam sollicitudin vitae consectetuer', 1, '2020-08-13 19:48:08');
insert into messages (owner_id, renter_id, lot_id, text_body, written_by, created_at) values (1, 4, 1, 'convallis eget eleifend luctus ultricies eu nibh quisque id justo sit', 4, '2020-05-19 04:37:43');
insert into messages (owner_id, renter_id, lot_id, text_body, written_by, created_at) values (2, 3, 2, 'elementum eu interdum eu tincidunt in leo maecenas pulvinar lobortis', 3, '2020-04-27 15:50:26');
insert into messages (owner_id, renter_id, lot_id, text_body, written_by, created_at) values (4, 3, 5, 'quam suspendisse potenti nullam porttitor lacus at turpis donec posuere metus vitae ipsum aliquam non mauris', 4, '2020-05-18 17:54:15');
insert into messages (owner_id, renter_id, lot_id, text_body, written_by, created_at) values (3, 5, 4, 'ante nulla justo aliquam quis turpis eget elit sodales scelerisque mauris sit amet eros suspendisse accumsan', 5, '2020-01-22 05:46:43');
insert into messages (owner_id, renter_id, lot_id, text_body, written_by, created_at) values (1, 6, 3, 'amet cursus id turpis integer aliquet massa id lobortis convallis tortor risus dapibus augue vel accumsan tellus nisi eu orci mauris lacinia sapien quis libero', 1, '2019-12-07 22:23:05');
insert into messages (owner_id, renter_id, lot_id, text_body, written_by, created_at) values (4, 6, 5, 'in magna bibendum imperdiet nullam orci pede venenatis non sodales sed tincidunt eu felis fusce posuere felis sed lacus', 4, '2020-04-16 00:45:12');
insert into messages (owner_id, renter_id, lot_id, text_body, written_by, created_at) values (2, 5, 2, 'dapibus duis at velit eu est congue elementum in hac habitasse platea dictumst morbi vestibulum velit id pretium iaculis diam erat fermentum', 5, '2019-12-10 18:15:23');
insert into messages (owner_id, renter_id, lot_id, text_body, written_by, created_at) values (1, 4, 3, 'odio in hac habitasse platea dictumst maecenas ut massa quis augue luctus tincidunt nulla mollis molestie lorem quisque ut erat curabitur', 1, '2020-09-20 02:57:36');
insert into messages (owner_id, renter_id, lot_id, text_body, written_by, created_at) values (1, 5, 3, 'eros viverra eget congue eget semper rutrum nulla nunc purus phasellus in felis donec semper sapien a libero', 5, '2019-11-02 02:38:33');
insert into messages (owner_id, renter_id, lot_id, text_body, written_by, created_at) values (1, 6, 1, 'nunc proin at turpis a pede posuere nonummy integer non velit donec', 6, '2020-09-28 11:09:35');
insert into messages (owner_id, renter_id, lot_id, text_body, written_by, created_at) values (1, 4, 1, 'nibh in lectus pellentesque at nulla suspendisse potenti cras in purus eu magna vulputate', 1, '2020-03-21 19:38:56');
insert into messages (owner_id, renter_id, lot_id, text_body, written_by, created_at) values (2, 5, 2, 'at turpis donec posuere metus vitae ipsum aliquam non mauris morbi non lectus aliquam sit amet diam in magna bibendum imperdiet', 2, '2020-05-21 19:16:12');
insert into messages (owner_id, renter_id, lot_id, text_body, written_by, created_at) values (3, 5, 4, 'luctus et ultrices posuere cubilia curae nulla dapibus dolor vel est donec odio justo sollicitudin ut suscipit a feugiat et eros vestibulum ac est', 5, '2020-03-19 23:06:37');
insert into messages (owner_id, renter_id, lot_id, text_body, written_by, created_at) values (4, 3, 5, 'cubilia curae mauris viverra diam vitae quam suspendisse potenti nullam porttitor lacus at turpis donec posuere metus vitae ipsum aliquam non mauris morbi non', 4, '2020-03-24 16:12:47');
insert into messages (owner_id, renter_id, lot_id, text_body, written_by, created_at) values (2, 6, 2, 'vestibulum sed magna at nunc commodo placerat praesent blandit nam', 6, '2020-07-02 18:05:25');
insert into messages (owner_id, renter_id, lot_id, text_body, written_by, created_at) values (1, 3, 3, 'nam dui proin leo odio porttitor id consequat in consequat ut nulla sed', 3, '2020-05-22 13:46:36');
insert into messages (owner_id, renter_id, lot_id, text_body, written_by, created_at) values (2, 1, 2, 'placerat praesent blandit nam nulla integer pede justo lacinia eget tincidunt eget tempus', 2, '2019-10-31 22:17:26');
insert into messages (owner_id, renter_id, lot_id, text_body, written_by, created_at) values (3, 2, 4, 'nec nisi volutpat eleifend donec ut dolor morbi vel lectus in', 2, '2020-05-17 01:18:26');
insert into messages (owner_id, renter_id, lot_id, text_body, written_by, created_at) values (4, 2, 5, 'quam a odio in hac habitasse platea dictumst maecenas ut massa quis augue luctus tincidunt nulla', 4, '2020-03-24 20:15:50');
insert into messages (owner_id, renter_id, lot_id, text_body, written_by, created_at) values (2, 1, 2, 'ultrices aliquet maecenas leo odio condimentum id luctus nec molestie sed justo pellentesque viverra pede ac diam cras pellentesque volutpat dui maecenas tristique est', 1, '2020-01-23 00:33:08');
insert into messages (owner_id, renter_id, lot_id, text_body, written_by, created_at) values (2, 5, 2, 'in est risus auctor sed tristique in tempus sit amet sem fusce', 2, '2020-01-18 09:27:33');
insert into messages (owner_id, renter_id, lot_id, text_body, written_by, created_at) values (4, 3, 5, 'morbi quis tortor id nulla ultrices aliquet maecenas leo odio condimentum id luctus nec', 4, '2020-07-22 14:38:28');
insert into messages (owner_id, renter_id, lot_id, text_body, written_by, created_at) values (2, 3, 2, 'enim blandit mi in porttitor pede justo eu massa donec dapibus duis', 2, '2020-01-14 18:28:14');
insert into messages (owner_id, renter_id, lot_id, text_body, written_by, created_at) values (4, 2, 5, 'vivamus vel nulla eget eros elementum pellentesque quisque porta volutpat erat quisque erat eros', 2, '2019-10-31 12:54:18');
